{
    "port": 0,
    "image_size": [
        480,
        640,
        3
    ],
    "camera_matrix": [
        [
            503.8852632145215,
            0.0,
            350.68227527101527
        ],
        [
            0.0,
            505.32845703992126,
            243.85888665351646
        ],
        [
            0.0,
            0.0,
            1.0
        ]
    ],
    "distortion_params": [
        [
            0.3851011061243947,
            -0.5038043271822598,
            -0.009843703365547808,
            0.030168059971890357,
            0.4179076826399964
        ]
    ],
    "RMS_reproj_error": 0.3356915301359327
}