{
    "port": 0,
    "image_size": [
        600,
        800,
        3
    ],
    "camera_matrix": [
        [
            544.0402343421204,
            0.0,
            400.3937751204863
        ],
        [
            0.0,
            545.7762945459592,
            318.17699863071647
        ],
        [
            0.0,
            0.0,
            1.0
        ]
    ],
    "distortion_params": [
        [
            0.16873229404625859,
            -0.1809018682140174,
            0.0011876977577749029,
            -0.001418018287255822,
            0.01662866926368867
        ]
    ],
    "RMS_reproj_error": 0.3827982027709375
}