{
    "columns": 5,
    "rows": 7,
    "inverted": false,
    "board_height": 279.39984912408147,
    "board_width": 215.89988341406297,
    "dictionary": "DICT_4X4_1000",
    "aruco_scale": 0.75,
    "square_size_overide": 4.0
}