bundle_index,port,frame_index,frame_time
0,1,0,18.82996385
1,0,0,19.1764336
1,1,1,18.8777717
2,0,1,19.19846755
2,1,2,19.23049305
3,0,2,19.27561345
4,0,3,19.33463685
4,1,3,19.3551079
5,0,4,19.40000985
5,1,4,19.5302712
6,0,5,19.5432833
6,1,5,19.7030868
7,0,6,19.7163791
7,1,6,19.87714825
8,0,7,19.90097305
8,1,7,20.0517958
9,0,8,20.0762092
9,1,8,20.22839515
10,0,9,20.24422195
10,1,9,20.3997216
11,0,10,20.41200655
11,1,10,20.573138
12,0,11,20.58602295
12,1,11,20.74366825
13,0,12,20.7563523
13,1,12,20.9177551
14,0,13,20.93358215
14,1,13,21.09077405
15,0,14,21.10732
15,1,14,21.26567655
16,0,15,21.2824737
16,1,15,21.4379438
17,0,16,21.45372905
17,1,16,21.60928845
18,0,17,21.6271557
18,1,17,21.78258805
19,0,18,21.8014785
19,1,18,21.95395355
20,0,19,21.9674046
20,1,19,22.12752775
21,0,20,22.1403114
21,1,20,22.3009656
22,0,21,22.31415595
22,1,21,22.4721258
23,0,22,22.48315905
23,1,22,22.64193115
24,0,23,22.65469115
24,1,23,22.8188519
25,0,24,22.83521035
25,1,24,22.9898116
26,0,25,23.0063267
26,1,25,23.1642346
27,0,26,23.1780603
27,1,26,23.33588325
28,0,27,23.34988035
28,1,27,23.50945875
29,0,28,23.52742405
29,1,28,23.6830437
30,0,29,23.6997433
30,1,29,23.85439495
31,0,30,23.8707914
31,1,30,24.0253653
32,0,31,24.0364444
32,1,31,24.1983783
33,0,32,24.2136184
33,1,32,24.3711027
34,0,33,24.38580445
34,1,33,24.5458151
35,0,34,24.5626245
35,1,34,24.71767035
36,0,35,24.73058375
36,1,35,24.89008205
37,0,36,24.90810545
37,1,36,25.06370245
38,0,37,25.075075
38,1,37,25.23464765
39,0,38,25.2517525
39,1,38,25.406669
40,0,39,25.4197264
40,1,39,25.58364525
41,0,40,25.60167495
41,1,40,25.7535442
42,0,41,25.7733273
42,1,41,25.92619975
43,0,42,25.9436795
43,1,42,26.0980173
44,0,43,26.11232675
44,1,43,26.2698799
45,0,44,26.28477995
45,1,44,26.43977615
46,0,45,26.45186185
46,1,45,26.61100935
47,0,46,26.62717
47,1,46,26.7837238
48,0,47,26.80072565
48,1,47,26.9580148
49,0,48,26.9698661
49,1,48,27.1291555
50,0,49,27.1430176
50,1,49,27.30466015
51,0,50,27.3221184
51,1,50,27.4776763
52,0,51,27.4907939
52,1,51,27.6498184
53,0,52,27.66690975
53,1,52,27.8208948
54,0,53,27.8337427
54,1,53,27.99518105
55,0,54,28.0114205
55,1,54,28.16702785
56,0,55,28.18286925
56,1,55,28.34283935
57,0,56,28.36556755
57,1,56,28.51487695
58,0,57,28.5367527
58,1,57,28.6884856
