{
    "input_stream": 0,
    "stream_name": "cam_0",
    "image_size": [
        720,
        1280,
        3
    ],
    "camera_matrix": [
        [
            658.3204492073932,
            0.0,
            626.2602216214916
        ],
        [
            0.0,
            656.0647633724036,
            366.3530613468259
        ],
        [
            0.0,
            0.0,
            1.0
        ]
    ],
    "distortion_params": [
        [
            0.174350865281196,
            -0.37837338725802544,
            -0.003026739127841724,
            -0.021121545320201426,
            0.27828848265634043
        ]
    ],
    "RMS_reproj_error": 0.58726589131808
}