{
    "input_stream": 1,
    "stream_name": "cam_1",
    "image_size": [
        720,
        1280,
        3
    ],
    "camera_matrix": [
        [
            1382.161450969229,
            0.0,
            686.8960753359952
        ],
        [
            0.0,
            1374.8337962306503,
            411.75943202307207
        ],
        [
            0.0,
            0.0,
            1.0
        ]
    ],
    "distortion_params": [
        [
            0.07285058190851597,
            -0.4933060893400529,
            0.00829101553399306,
            9.666021920762125e-05,
            5.65180604342424
        ]
    ],
    "RMS_reproj_error": 0.6243554741097185
}