{
    "input_stream": 1,
    "stream_name": "cam_1",
    "image_size": [
        720,
        1280,
        3
    ],
    "camera_matrix": [
        [
            1430.3973759945113,
            0.0,
            546.9076763576275
        ],
        [
            0.0,
            1457.0229415837252,
            359.32766474293743
        ],
        [
            0.0,
            0.0,
            1.0
        ]
    ],
    "distortion_params": [
        [
            0.6001101183888338,
            -2.683333834904345,
            0.0334985427028027,
            -0.08426972385974031,
            6.507927632821867
        ]
    ],
    "RMS_reproj_error": 1.6190684650995872
}