{
    "input_stream": 0,
    "stream_name": "cam_0",
    "image_size": [
        720,
        1280,
        3
    ],
    "camera_matrix": [
        [
            626.5521249791917,
            0.0,
            662.8717225139537
        ],
        [
            0.0,
            628.064784628584,
            373.327147093939
        ],
        [
            0.0,
            0.0,
            1.0
        ]
    ],
    "distortion_params": [
        [
            0.1661259062761433,
            -0.18600721664231631,
            -0.0014649527375357196,
            0.00926226291243253,
            0.07972911036785564
        ]
    ],
    "RMS_reproj_error": 0.7250051715927361
}