{
    "input_stream": 0,
    "stream_name": "cam_0",
    "image_size": [
        720,
        1280,
        3
    ],
    "camera_matrix": [
        [
            649.2864315210103,
            0.0,
            631.3165258926606
        ],
        [
            0.0,
            652.3145950724056,
            348.95332988775425
        ],
        [
            0.0,
            0.0,
            1.0
        ]
    ],
    "distortion_params": [
        [
            0.1766207618428967,
            -0.21781795275512808,
            -0.01975424201599368,
            -0.007698784222865871,
            0.10189110420235574
        ]
    ]
}