{
    "input_stream": 1,
    "stream_name": "cam_1",
    "image_size": [
        720,
        1280,
        3
    ],
    "camera_matrix": [
        [
            655.5612983657348,
            0.0,
            651.3431347190359
        ],
        [
            0.0,
            654.4924159404983,
            322.6550654229612
        ],
        [
            0.0,
            0.0,
            1.0
        ]
    ],
    "distortion_params": [
        [
            0.22455805297848988,
            -0.2891229891518861,
            -0.008403183091620026,
            2.5541026158147512e-05,
            0.14905339268881984
        ]
    ]
}