{
    "input_stream": 1,
    "stream_name": "cam_1",
    "image_size": [
        720,
        1280,
        3
    ],
    "camera_matrix": [
        [
            1232.6252235525503,
            0.0,
            606.5659396539271
        ],
        [
            0.0,
            1225.5899947272062,
            422.51614721633797
        ],
        [
            0.0,
            0.0,
            1.0
        ]
    ],
    "distortion_params": [
        [
            0.1195692977595756,
            -0.28085440993150834,
            0.019318479657425003,
            0.009397559471612863,
            0.7318601698590675
        ]
    ],
    "RMS_reproj_error": 0.49372184941868497
}