{
    "input_stream": 0,
    "stream_name": "cam_0",
    "image_size": [
        720,
        1280,
        3
    ],
    "camera_matrix": [
        [
            737.2544927446364,
            0.0,
            703.6347784861118
        ],
        [
            0.0,
            732.5069402283402,
            389.27994485340463
        ],
        [
            0.0,
            0.0,
            1.0
        ]
    ],
    "distortion_params": [
        [
            0.6328190724988598,
            -2.162299225099162,
            0.0074635452405779285,
            0.053583093557157485,
            3.671138945455353
        ]
    ],
    "RMS_reproj_error": 1.064929873316524
}