{
    "input_stream": 0,
    "stream_name": "cam_0",
    "image_size": [
        720,
        1280,
        3
    ],
    "camera_matrix": [
        [
            691.4224622321885,
            0.0,
            672.8601789987863
        ],
        [
            0.0,
            691.7786853117067,
            376.5027185096717
        ],
        [
            0.0,
            0.0,
            1.0
        ]
    ],
    "distortion_params": [
        [
            0.2894551068599329,
            -0.19656795457929638,
            -0.002591331404937966,
            0.023820188780675284,
            0.07202266325122997
        ]
    ],
    "RMS_reproj_error": 0.6698653027975565
}