{
    "input_stream": 1,
    "stream_name": "cam_1",
    "image_size": [
        1080,
        1920,
        3
    ],
    "camera_matrix": [
        [
            971.6270907526765,
            0.0,
            980.5532939609237
        ],
        [
            0.0,
            973.366117665458,
            499.4101685795915
        ],
        [
            0.0,
            0.0,
            1.0
        ]
    ],
    "distortion_params": [
        [
            0.22891350463917998,
            -0.27187374191744346,
            0.0016331762122068446,
            0.0002654532628050543,
            0.1312248955017106
        ]
    ]
}