,sync_index,port_A,port_B,time_A,time_B,point_id,loc_board_x,loc_board_y,loc_img_x_A,loc_img_y_A,loc_img_x_B,loc_img_y_B
0,7,0,2,152728.5015,152728.5017,2,0.1574999988079071,0.05249999836087227,672.033447265625,640.831298828125,560.498046875,887.5995483398438
1,7,0,2,152728.5015,152728.5017,4,0.10499999672174454,0.10499999672174454,702.4549560546875,615.6805419921875,594.6937255859375,854.5568237304688
2,7,0,2,152728.5015,152728.5017,5,0.1574999988079071,0.10499999672174454,703.963623046875,641.6903686523438,596.52490234375,889.3026123046875
3,7,0,2,152728.5015,152728.5017,6,0.05249999836087227,0.1574999988079071,733.3883056640625,589.8170776367188,628.99951171875,821.6174926757812
4,7,0,2,152728.5015,152728.5017,7,0.10499999672174454,0.1574999988079071,735.643798828125,616.2835693359375,631.980712890625,856.5587158203125
5,7,0,2,152728.5015,152728.5017,8,0.1574999988079071,0.1574999988079071,735.3283081054688,642.7200927734375,633.131591796875,891.4612426757812
6,7,0,2,152728.5015,152728.5017,11,0.1574999988079071,0.20999999344348907,769.3798828125,643.3063354492188,671.444091796875,893.4959716796875
