{
    "input_stream": 0,
    "stream_name": "cam_0",
    "image_size": [
        1080,
        1920,
        3
    ],
    "camera_matrix": [
        [
            982.5146139566139,
            0.0,
            968.4440194027018
        ],
        [
            0.0,
            980.792604508687,
            577.6196604042794
        ],
        [
            0.0,
            0.0,
            1.0
        ]
    ],
    "distortion_params": [
        [
            0.21117483872284418,
            -0.26897925706658793,
            0.003857483521681935,
            -0.00897780502677064,
            0.13481558079416936
        ]
    ]
}