{
    "input_stream": 0,
    "stream_name": "cam_0",
    "image_size": [
        480,
        640,
        3
    ],
    "camera_matrix": [
        [
            432.9292550070516,
            0.0,
            327.54742921671357
        ],
        [
            0.0,
            434.2822207837363,
            245.60854646625305
        ],
        [
            0.0,
            0.0,
            1.0
        ]
    ],
    "distortion_params": [
        [
            0.22917742659828272,
            -0.4361164719988024,
            -0.006156489240942645,
            0.0018278901049320697,
            0.40336695444829196
        ]
    ]
}