{
    "input_stream": 0,
    "stream_name": "cam_0",
    "image_size": [
        480,
        640,
        3
    ],
    "camera_matrix": [
        [
            450.44256912800057,
            0.0,
            326.6156344585368
        ],
        [
            0.0,
            453.3770703418194,
            239.27759226044373
        ],
        [
            0.0,
            0.0,
            1.0
        ]
    ],
    "distortion_params": [
        [
            0.29634808986074146,
            -0.36820586868047617,
            -0.0303329773137072,
            -0.0024344671925390004,
            0.3219344942714126
        ]
    ]
}