{
    "input_stream": 0,
    "stream_name": "cam_0",
    "image_size": [
        1080,
        1920,
        3
    ],
    "camera_matrix": [
        [
            1021.7271662954353,
            0.0,
            972.2459167398468
        ],
        [
            0.0,
            1021.1536324278364,
            589.2013502005462
        ],
        [
            0.0,
            0.0,
            1.0
        ]
    ],
    "distortion_params": [
        [
            0.2323638713390195,
            -0.327164340642842,
            0.005861449995452317,
            0.0005154927768922668,
            0.18050811112024934
        ]
    ]
}