{
    "input_stream": 0,
    "stream_name": "cam_0",
    "image_size": [
        480,
        640,
        3
    ],
    "camera_matrix": [
        [
            462.0214272847654,
            0.0,
            335.0957215686391
        ],
        [
            0.0,
            460.0284760281735,
            235.09066163496013
        ],
        [
            0.0,
            0.0,
            1.0
        ]
    ],
    "distortion_params": [
        [
            0.06777973100692904,
            0.3853221742075059,
            -0.0047677183372729125,
            0.01086223629490876,
            -0.7458114197900578
        ]
    ]
}