{
    "input_stream": 1,
    "stream_name": "cam_1",
    "image_size": [
        480,
        640,
        3
    ],
    "camera_matrix": [
        [
            460.43678222221496,
            0.0,
            319.22786942435766
        ],
        [
            0.0,
            455.34768640136315,
            238.31992165205955
        ],
        [
            0.0,
            0.0,
            1.0
        ]
    ],
    "distortion_params": [
        [
            0.5384596164130878,
            -2.1472532550468912,
            0.014534874115732474,
            -0.014695015593685135,
            3.3137541726997206
        ]
    ]
}