{
    "input_stream": 1,
    "stream_name": "cam_1",
    "image_size": [
        1080,
        1920,
        3
    ],
    "camera_matrix": [
        [
            951.3298754213031,
            0.0,
            955.7381319239943
        ],
        [
            0.0,
            950.1946750663501,
            527.9492946814511
        ],
        [
            0.0,
            0.0,
            1.0
        ]
    ],
    "distortion_params": [
        [
            0.16582714466975382,
            -0.21617977910961544,
            0.00504591497858396,
            -0.013792706995559111,
            0.10337080522928851
        ]
    ]
}