{
    "input_stream": 1,
    "stream_name": "cam_1",
    "image_size": [
        480,
        640,
        3
    ],
    "camera_matrix": [
        [
            430.15426548002614,
            0.0,
            328.66699751575834
        ],
        [
            0.0,
            430.2996133748199,
            218.35171635066047
        ],
        [
            0.0,
            0.0,
            1.0
        ]
    ],
    "distortion_params": [
        [
            0.18720139987068887,
            -0.24130246264011226,
            -0.006696612160005625,
            0.0010228089028831485,
            0.1219474370515866
        ]
    ]
}