{
    "input_stream": 1,
    "stream_name": "cam_1",
    "image_size": [
        480,
        640,
        3
    ],
    "camera_matrix": [
        [
            454.0110825383557,
            0.0,
            352.7436373080853
        ],
        [
            0.0,
            454.799563899963,
            194.58700608024378
        ],
        [
            0.0,
            0.0,
            1.0
        ]
    ],
    "distortion_params": [
        [
            0.25149416675166225,
            -0.26214270984936017,
            -0.024171454672049255,
            0.015410520301201002,
            0.1204261832691381
        ]
    ]
}